name,attack,defense,hp,pokedex_number,speed,type1,type2,generation
Abomasnow,132,105,90,00460,30,grass,ice,4
Abra,20,15,25,00063,90,psychic,,1
Absol,150,60,65,00359,115,dark,,3
Accelgor,70,40,80,00617,145,bug,,5
Aegislash,150,50,60,00681,60,steel,ghost,6
Aerodactyl,135,85,80,00142,150,rock,flying,1
Aggron,140,230,70,00306,50,steel,rock,3
Aipom,70,55,55,00190,85,normal,,2
Alakazam,50,65,55,00065,150,psychic,,1
Alomomola,75,80,165,00594,65,water,,5
Altaria,110,110,75,00334,80,dragon,flying,3
Amaura,59,50,77,00698,46,rock,ice,6
Ambipom,100,66,75,00424,115,normal,,4
Amoonguss,85,70,114,00591,30,grass,poison,5
Ampharos,95,105,90,00181,45,electric,,2
Anorith,95,50,45,00347,75,rock,bug,3
Araquanid,70,92,68,00752,42,water,bug,7
Arbok,95,69,60,00024,80,poison,,1
Arcanine,110,80,90,00059,95,fire,,1
Arceus,120,120,120,00493,120,normal,,4
Archen,112,45,55,00566,70,rock,flying,5
Archeops,140,65,75,00567,110,rock,flying,5
Ariados,90,70,70,00168,40,bug,poison,2
Armaldo,125,100,75,00348,45,rock,bug,3
Aromatisse,72,72,101,00683,29,fairy,,6
Aron,70,100,50,00304,30,steel,rock,3
Articuno,85,100,90,00144,85,ice,flying,1
Audino,60,126,103,00531,50,normal,,5
Aurorus,77,72,123,00699,58,rock,ice,6
Avalugg,117,184,95,00713,28,ice,,6
Axew,87,60,46,00610,57,dragon,,5
Azelf,125,70,75,00482,115,psychic,,4
Azumarill,50,80,100,00184,50,water,fairy,2
Azurill,20,40,50,00298,20,normal,fairy,3
Bagon,75,60,45,00371,50,dragon,,3
Baltoy,40,55,40,00343,55,ground,psychic,3
Banette,165,75,64,00354,75,ghost,,3
Barbaracle,105,115,72,00689,68,rock,water,6
Barboach,48,43,50,00339,60,water,ground,3
Basculin,92,65,70,00550,98,water,,5
Bastiodon,52,168,60,00411,30,rock,steel,4
Bayleef,62,80,60,00153,60,grass,,2
Beartic,130,80,95,00614,50,ice,,5
Beautifly,70,50,60,00267,65,bug,flying,3
Beedrill,150,40,65,00015,145,bug,poison,1
Beheeyem,75,75,75,00606,40,psychic,,5
Beldum,55,80,40,00374,30,steel,psychic,3
Bellossom,80,95,75,00182,50,grass,,2
Bellsprout,75,35,50,00069,40,grass,poison,1
Bergmite,69,85,55,00712,28,ice,,6
Bewear,125,80,120,00760,60,normal,fighting,7
Bibarel,85,60,79,00400,71,normal,water,4
Bidoof,45,40,59,00399,31,normal,,4
Binacle,52,67,42,00688,50,rock,water,6
Bisharp,125,100,65,00625,70,dark,steel,5
Blastoise,103,120,79,00009,78,water,,1
Blaziken,160,80,80,00257,100,fire,fighting,3
Blissey,10,10,255,00242,55,normal,,2
Blitzle,60,32,45,00522,76,electric,,5
Boldore,105,105,70,00525,20,rock,,5
Bonsly,80,95,50,00438,10,rock,,4
Bouffalant,110,95,95,00626,55,normal,,5
Bounsweet,30,38,42,00761,32,grass,,7
Braixen,59,58,59,00654,73,fire,,6
Braviary,123,75,100,00628,80,normal,flying,5
Breloom,130,80,60,00286,70,grass,fighting,3
Brionne,69,69,60,00729,50,water,,7
Bronzong,89,116,67,00437,33,steel,psychic,4
Bronzor,24,86,57,00436,23,steel,psychic,4
Bruxish,105,70,68,00779,92,water,psychic,7
Budew,30,35,40,00406,55,grass,poison,4
Buizel,65,35,55,00418,85,water,,4
Bulbasaur,49,49,45,00001,45,grass,poison,1
Buneary,66,44,55,00427,85,normal,,4
Bunnelby,36,38,38,00659,57,normal,,6
Burmy,29,45,40,00412,36,bug,,4
Butterfree,45,50,60,00012,70,bug,flying,1
Buzzwole,139,139,107,00794,79,bug,fighting,7
Cacnea,85,40,50,00331,35,grass,,3
Cacturne,115,60,70,00332,55,grass,dark,3
Camerupt,120,100,70,00323,20,fire,ground,3
Carbink,50,150,50,00703,50,rock,fairy,6
Carnivine,100,72,74,00455,46,grass,,4
Carracosta,108,133,74,00565,32,water,rock,5
Carvanha,90,20,45,00318,65,water,dark,3
Cascoon,35,55,50,00268,15,bug,,3
Castform,70,70,70,00351,70,normal,,3
Caterpie,30,35,45,00010,45,bug,,1
Celebi,100,100,100,00251,100,psychic,grass,2
Celesteela,101,103,97,00797,61,steel,flying,7
Chandelure,55,90,60,00609,80,ghost,fire,5
Chansey,5,5,250,00113,50,normal,,1
Charizard,104,78,78,00006,100,fire,flying,1
Charjabug,82,95,57,00737,36,bug,electric,7
Charmander,52,43,39,00004,65,fire,,1
Charmeleon,64,58,58,00005,80,fire,,1
Chatot,65,45,76,00441,91,normal,flying,4
Cherrim,60,70,70,00421,85,grass,,4
Cherubi,35,45,45,00420,35,grass,,4
Chesnaught,107,122,88,00652,64,grass,fighting,6
Chespin,61,65,56,00650,38,grass,,6
Chikorita,49,65,45,00152,45,grass,,2
Chimchar,58,44,44,00390,61,fire,,4
Chimecho,50,80,75,00358,65,psychic,,3
Chinchou,38,38,75,00170,67,water,electric,2
Chingling,30,50,45,00433,45,psychic,,4
Cinccino,95,60,75,00573,115,normal,,5
Clamperl,64,85,35,00366,32,water,,3
Clauncher,53,62,50,00692,44,water,,6
Clawitzer,73,88,71,00693,59,water,,6
Claydol,70,105,60,00344,75,ground,psychic,3
Clefable,70,73,95,00036,60,fairy,,1
Clefairy,45,48,70,00035,35,fairy,,1
Cleffa,25,28,50,00173,15,fairy,,2
Cloyster,95,180,50,00091,70,water,ice,1
Cobalion,90,129,91,00638,108,steel,fighting,5
Cofagrigus,50,145,58,00563,30,ghost,,5
Combee,30,42,30,00415,70,bug,flying,4
Combusken,85,60,60,00256,55,fire,fighting,3
Comfey,52,90,51,00764,100,fairy,,7
Conkeldurr,140,95,105,00534,45,fighting,,5
Corphish,80,65,43,00341,35,water,,3
Corsola,55,95,65,00222,35,water,rock,2
Cosmoem,29,131,43,00790,37,psychic,,7
Cosmog,29,31,43,00789,37,psychic,,7
Cottonee,27,60,40,00546,66,grass,fairy,5
Crabominable,132,77,97,00740,43,fighting,ice,7
Crabrawler,82,57,47,00739,63,fighting,,7
Cradily,81,97,86,00346,43,rock,grass,3
Cranidos,125,40,67,00408,58,rock,,4
Crawdaunt,120,85,63,00342,55,water,dark,3
Cresselia,70,120,120,00488,85,psychic,,4
Croagunk,61,40,48,00453,50,poison,fighting,4
Crobat,90,80,85,00169,130,poison,flying,2
Croconaw,80,80,65,00159,58,water,,2
Crustle,105,125,70,00558,45,bug,rock,5
Cryogonal,50,50,80,00615,105,ice,,5
Cubchoo,70,40,55,00613,40,ice,,5
Cubone,50,95,50,00104,35,ground,,1
Cutiefly,45,40,40,00742,84,bug,fairy,7
Cyndaquil,52,43,39,00155,65,fire,,2
Darkrai,90,90,70,00491,125,dark,,4
Darmanitan,30,105,105,00555,55,fire,fire,5
Dartrix,75,75,78,00723,52,grass,flying,7
Darumaka,90,45,70,00554,50,fire,,5
Decidueye,107,75,78,00724,70,grass,ghost,7
Dedenne,58,57,67,00702,101,electric,fairy,6
Deerling,60,50,60,00585,75,normal,grass,5
Deino,65,50,52,00633,38,dark,dragon,5
Delcatty,65,65,70,00301,90,normal,,3
Delibird,55,45,45,00225,75,ice,flying,2
Delphox,69,72,75,00655,104,fire,psychic,6
Deoxys,95,90,50,00386,180,psychic,,3
Dewgong,70,80,90,00087,70,water,ice,1
Dewott,75,60,75,00502,60,water,,5
Dewpider,40,52,38,00751,27,water,bug,7
Dhelmise,131,100,70,00781,40,ghost,grass,7
Dialga,120,120,100,00483,90,steel,dragon,4
Diancie,160,110,50,00719,110,rock,fairy,6
Diggersby,56,77,85,00660,78,normal,ground,6
Diglett,55,30,10,00050,90,ground,ground,1
Ditto,48,48,48,00132,48,normal,,1
Dodrio,110,70,60,00085,110,normal,flying,1
Doduo,85,45,35,00084,75,normal,flying,1
Donphan,120,120,90,00232,50,ground,,2
Doublade,110,150,59,00680,35,steel,ghost,6
Dragalge,75,90,65,00691,44,poison,dragon,6
Dragonair,84,65,61,00148,70,dragon,,1
Dragonite,134,95,91,00149,80,dragon,flying,1
Drampa,60,85,78,00780,36,normal,dragon,7
Drapion,90,110,70,00452,95,poison,dark,4
Dratini,64,45,41,00147,50,dragon,,1
Drifblim,80,44,150,00426,80,ghost,flying,4
Drifloon,50,34,90,00425,70,ghost,flying,4
Drilbur,85,40,60,00529,68,ground,,5
Drowzee,48,45,60,00096,42,psychic,,1
Druddigon,120,90,77,00621,48,dragon,,5
Ducklett,44,50,62,00580,55,water,flying,5
Dugtrio,100,60,35,00051,110,ground,ground,1
Dunsparce,70,70,100,00206,45,normal,,2
Duosion,40,50,65,00578,30,psychic,,5
Durant,109,112,58,00632,109,bug,steel,5
Dusclops,70,130,40,00356,25,ghost,,3
Dusknoir,100,135,45,00477,45,ghost,,4
Duskull,40,90,20,00355,25,ghost,,3
Dustox,50,70,60,00269,65,bug,poison,3
Dwebble,65,85,50,00557,55,bug,rock,5
Eelektrik,85,70,65,00603,40,electric,,5
Eelektross,115,80,85,00604,50,electric,,5
Eevee,55,50,55,00133,55,normal,,1
Ekans,60,44,35,00023,55,poison,,1
Electabuzz,83,57,65,00125,105,electric,,1
Electivire,123,67,75,00466,95,electric,,4
Electrike,45,40,40,00309,65,electric,,3
Electrode,50,70,60,00101,150,electric,,1
Elekid,63,37,45,00239,95,electric,,2
Elgyem,55,55,55,00605,30,psychic,,5
Emboar,123,65,110,00500,65,fire,fighting,5
Emolga,75,60,55,00587,103,electric,flying,5
Empoleon,86,88,84,00395,60,water,steel,4
Entei,115,85,115,00244,100,fire,,2
Escavalier,135,105,70,00589,20,bug,steel,5
Espeon,65,60,65,00196,110,psychic,,2
Espurr,48,54,62,00677,68,psychic,,6
Excadrill,135,60,110,00530,88,ground,steel,5
Exeggcute,40,80,60,00102,40,grass,psychic,1
Exeggutor,105,85,95,00103,45,grass,psychic,1
Exploud,91,63,104,00295,68,normal,,3
Farfetch'd,90,55,52,00083,60,normal,flying,1
Fearow,90,65,65,00022,100,normal,flying,1
Feebas,15,20,20,00349,80,water,,3
Fennekin,45,40,40,00653,60,fire,,6
Feraligatr,105,100,85,00160,78,water,,2
Ferroseed,50,91,44,00597,10,grass,steel,5
Ferrothorn,94,131,74,00598,20,grass,steel,5
Finneon,49,56,49,00456,66,water,,4
Flaaffy,55,55,70,00180,45,electric,,2
FlabÈbÈ,38,39,44,00669,42,fairy,,6
Flareon,130,60,65,00136,65,fire,,1
Fletchinder,73,55,62,00662,84,fire,flying,6
Fletchling,50,43,45,00661,62,normal,flying,6
Floatzel,105,55,85,00419,115,water,,4
Floette,65,67,74,00670,92,fairy,,6
Florges,65,68,78,00671,75,fairy,,6
Flygon,100,80,80,00330,100,ground,dragon,3
Fomantis,55,35,40,00753,35,grass,,7
Foongus,55,45,69,00590,15,grass,poison,5
Forretress,90,140,75,00205,40,bug,steel,2
Fraxure,117,70,66,00611,67,dragon,,5
Frillish,40,50,55,00592,40,water,ghost,5
Froakie,56,40,41,00656,71,water,,6
Frogadier,63,52,54,00657,97,water,,6
Froslass,80,70,70,00478,110,ice,ghost,4
Furfrou,80,60,75,00676,102,normal,,6
Furret,76,64,85,00162,90,normal,,2
Gabite,90,65,68,00444,82,dragon,ground,4
Gallade,165,95,68,00475,110,psychic,fighting,4
Galvantula,77,60,70,00596,108,bug,electric,5
Garbodor,95,82,80,00569,75,poison,,5
Garchomp,170,115,108,00445,92,dragon,ground,4
Gardevoir,85,65,68,00282,100,psychic,fairy,3
Gastly,35,30,30,00092,80,ghost,poison,1
Gastrodon,83,68,111,00423,39,water,ground,4
Genesect,120,95,71,00649,99,bug,steel,5
Gengar,65,80,60,00094,130,ghost,poison,1
Geodude,80,100,40,00074,20,rock,ground,1
Gible,70,45,58,00443,42,dragon,ground,4
Gigalith,135,130,85,00526,25,rock,,5
Girafarig,80,65,70,00203,85,normal,psychic,2
Giratina,120,100,150,00487,90,ghost,dragon,4
Glaceon,60,110,65,00471,65,ice,,4
Glalie,120,80,80,00362,100,ice,,3
Glameow,55,42,49,00431,85,normal,,4
Gligar,75,105,65,00207,85,ground,flying,2
Gliscor,95,125,75,00472,95,ground,flying,4
Gloom,65,70,60,00044,40,grass,poison,1
Gogoat,100,62,123,00673,68,grass,,6
Golbat,80,70,75,00042,90,poison,flying,1
Goldeen,67,60,45,00118,63,water,,1
Golduck,82,78,80,00055,85,water,,1
Golem,120,130,80,00076,45,rock,ground,1
Golett,74,50,59,00622,35,ground,ghost,5
Golisopod,125,140,75,00768,40,bug,water,7
Golurk,124,80,89,00623,55,ground,ghost,5
Goodra,100,70,90,00706,80,dragon,,6
Goomy,50,35,45,00704,40,dragon,,6
Gorebyss,84,105,55,00368,52,water,,3
Gothita,30,50,45,00574,45,psychic,,5
Gothitelle,55,95,70,00576,65,psychic,,5
Gothorita,45,70,60,00575,55,psychic,,5
Gourgeist,100,122,85,00711,54,ghost,grass,6
Granbull,120,75,90,00210,45,fairy,,2
Graveler,95,115,55,00075,35,rock,ground,1
Greninja,145,67,72,00658,132,water,dark,6
Grimer,80,50,80,00088,25,poison,poison,1
Grotle,89,85,75,00388,36,grass,,4
Groudon,180,160,100,00383,90,ground,,3
Grovyle,65,45,50,00253,95,grass,,3
Growlithe,70,45,55,00058,60,fire,,1
Grubbin,62,45,47,00736,46,bug,,7
Grumpig,45,65,80,00326,80,psychic,,3
Gulpin,43,53,70,00316,40,poison,,3
Gumshoos,110,60,88,00735,45,normal,,7
Gurdurr,105,85,85,00533,40,fighting,,5
Guzzlord,101,53,223,00799,43,dark,dragon,7
Gyarados,155,109,95,00130,81,water,flying,1
Hakamo-o,75,90,55,00783,65,dragon,fighting,7
Happiny,5,5,100,00440,30,normal,,4
Hariyama,120,60,144,00297,50,fighting,,3
Haunter,50,45,45,00093,95,ghost,poison,1
Hawlucha,92,75,78,00701,118,fighting,flying,6
Haxorus,147,90,76,00612,97,dragon,,5
Heatmor,97,66,85,00631,65,fire,,5
Heatran,90,106,91,00485,77,fire,steel,4
Heliolisk,55,52,62,00695,109,electric,normal,6
Helioptile,38,33,44,00694,70,electric,normal,6
Heracross,185,115,80,00214,75,bug,fighting,2
Herdier,80,65,65,00507,60,normal,,5
Hippopotas,72,78,68,00449,32,ground,,4
Hippowdon,112,118,108,00450,47,ground,,4
Hitmonchan,105,79,50,00107,76,fighting,,1
Hitmonlee,120,53,50,00106,87,fighting,,1
Hitmontop,95,95,50,00237,70,fighting,,2
Ho-Oh,130,90,106,00250,90,fire,flying,2
Honchkrow,125,52,100,00430,71,dark,flying,4
Honedge,80,100,45,00679,28,steel,ghost,6
Hoopa,160,60,80,00720,80,psychic,ghost,6
Hoothoot,30,30,60,00163,50,normal,flying,2
Hoppip,35,40,35,00187,50,grass,flying,2
Horsea,40,70,30,00116,60,water,,1
Houndoom,90,90,75,00229,115,dark,fire,2
Houndour,60,30,45,00228,65,dark,fire,2
Huntail,104,105,55,00367,52,water,,3
Hydreigon,105,90,92,00635,98,dark,dragon,5
Hypno,73,70,85,00097,67,psychic,,1
Igglybuff,30,15,90,00174,15,normal,fairy,2
Illumise,47,75,65,00314,85,bug,,3
Incineroar,115,90,95,00727,60,fire,dark,7
Infernape,104,71,76,00392,108,fire,fighting,4
Inkay,54,53,53,00686,45,dark,psychic,6
Ivysaur,62,63,60,00002,60,grass,poison,1
Jangmo-o,55,65,45,00782,45,dragon,,7
Jellicent,60,70,100,00593,60,water,ghost,5
Jigglypuff,45,20,115,00039,20,normal,fairy,1
Jirachi,100,100,100,00385,100,steel,psychic,3
Jolteon,65,60,65,00135,130,electric,,1
Joltik,47,50,50,00595,65,bug,electric,5
Jumpluff,55,70,75,00189,110,grass,flying,2
Jynx,50,35,65,00124,95,ice,psychic,1
Kabuto,80,90,30,00140,55,rock,water,1
Kabutops,115,105,60,00141,80,rock,water,1
Kadabra,35,30,40,00064,105,psychic,,1
Kakuna,25,50,45,00014,35,bug,poison,1
Kangaskhan,125,100,105,00115,100,normal,,1
Karrablast,75,45,50,00588,60,bug,,5
Kartana,181,131,59,00798,109,grass,steel,7
Kecleon,90,70,60,00352,40,normal,,3
Keldeo,72,90,91,00647,108,water,fighting,5
Kingdra,95,95,75,00230,85,water,dragon,2
Kingler,130,115,55,00099,75,water,,1
Kirlia,35,35,38,00281,50,psychic,fairy,3
Klang,80,95,60,00600,50,steel,,5
Klefki,80,91,57,00707,75,steel,fairy,6
Klink,55,70,40,00599,30,steel,,5
Klinklang,100,115,60,00601,90,steel,,5
Koffing,65,95,40,00109,35,poison,,1
Komala,115,65,65,00775,65,normal,,7
Kommo-o,110,125,75,00784,85,dragon,fighting,7
Krabby,105,90,30,00098,50,water,,1
Kricketot,25,41,37,00401,25,bug,,4
Kricketune,85,51,77,00402,65,bug,,4
Krokorok,82,45,60,00552,74,ground,dark,5
Krookodile,117,80,95,00553,92,ground,dark,5
Kyogre,150,90,100,00382,90,water,,3
Kyurem,120,90,125,00646,95,dragon,ice,5
Lairon,90,140,60,00305,40,steel,rock,3
Lampent,40,60,60,00608,55,ghost,fire,5
Landorus,145,90,89,00645,91,ground,flying,5
Lanturn,58,58,125,00171,67,water,electric,2
Lapras,85,80,130,00131,60,water,ice,1
Larvesta,85,55,55,00636,60,bug,fire,5
Larvitar,64,50,50,00246,41,rock,ground,2
Latias,100,120,80,00380,110,dragon,psychic,3
Latios,130,100,80,00381,110,dragon,psychic,3
Leafeon,110,130,65,00470,95,grass,,4
Leavanny,103,80,75,00542,92,bug,grass,5
Ledian,35,50,55,00166,85,bug,flying,2
Ledyba,20,30,40,00165,55,bug,flying,2
Lickilicky,85,95,110,00463,50,normal,,4
Lickitung,55,75,90,00108,30,normal,,1
Liepard,88,50,64,00510,106,dark,,5
Lileep,41,77,66,00345,23,rock,grass,3
Lilligant,60,75,70,00549,90,grass,,5
Lillipup,60,45,45,00506,55,normal,,5
Linoone,70,61,78,00264,100,normal,,3
Litleo,50,58,62,00667,72,fire,normal,6
Litten,65,40,45,00725,70,fire,,7
Litwick,30,55,50,00607,20,ghost,fire,5
Lombre,50,50,60,00271,50,water,grass,3
Lopunny,136,94,65,00428,135,normal,,4
Lotad,30,30,40,00270,30,water,grass,3
Loudred,71,43,84,00294,48,normal,,3
Lucario,145,88,70,00448,112,fighting,steel,4
Ludicolo,70,70,80,00272,70,water,grass,3
Lugia,90,130,106,00249,110,psychic,flying,2
Lumineon,69,76,69,00457,91,water,,4
Lunala,113,89,137,00792,97,psychic,ghost,7
Lunatone,55,65,90,00337,70,rock,psychic,3
Lurantis,105,90,70,00754,45,grass,,7
Luvdisc,30,55,43,00370,97,water,,3
Luxio,85,49,60,00404,60,electric,,4
Luxray,120,79,80,00405,70,electric,,4
Lycanroc,115,75,85,00745,82,rock,,7
Machamp,130,80,90,00068,55,fighting,,1
Machoke,100,70,80,00067,45,fighting,,1
Machop,80,50,70,00066,35,fighting,,1
Magby,75,37,45,00240,83,fire,,2
Magcargo,50,120,60,00219,30,fire,rock,2
Magearna,95,115,80,00801,65,steel,fairy,7
Magikarp,10,55,20,00129,80,water,,1
Magmar,95,57,65,00126,93,fire,,1
Magmortar,95,67,75,00467,83,fire,,4
Magnemite,35,70,25,00081,45,electric,steel,1
Magneton,60,95,50,00082,70,electric,steel,1
Magnezone,70,115,70,00462,60,electric,steel,4
Makuhita,60,30,72,00296,25,fighting,,3
Malamar,92,88,86,00687,73,dark,psychic,6
Mamoswine,130,80,110,00473,80,ice,ground,4
Manaphy,100,100,100,00490,100,water,,4
Mandibuzz,65,105,110,00630,80,dark,flying,5
Manectric,75,80,70,00310,135,electric,,3
Mankey,80,35,40,00056,70,fighting,,1
Mantine,40,70,85,00226,70,water,flying,2
Mantyke,20,50,45,00458,50,water,flying,4
Maractus,86,67,75,00556,60,grass,,5
Mareanie,53,62,50,00747,45,poison,water,7
Mareep,40,40,55,00179,35,electric,,2
Marill,20,50,70,00183,40,water,fairy,2
Marowak,80,110,60,00105,45,ground,fire,1
Marshtomp,85,70,70,00259,50,water,ground,3
Masquerain,60,62,70,00284,80,bug,flying,3
Mawile,105,125,50,00303,50,steel,fairy,3
Medicham,100,85,60,00308,100,fighting,psychic,3
Meditite,40,55,30,00307,60,fighting,psychic,3
Meganium,82,100,80,00154,80,grass,,2
Meloetta,128,90,100,00648,128,normal,psychic,5
Meowstic,48,76,74,00678,104,psychic,,6
Meowth,35,35,40,00052,90,normal,dark,1
Mesprit,105,105,80,00481,80,psychic,,4
Metagross,145,150,80,00376,110,steel,psychic,3
Metang,75,100,60,00375,50,steel,psychic,3
Metapod,20,55,50,00011,30,bug,,1
Mew,100,100,100,00151,100,psychic,,1
Mewtwo,150,70,106,00150,140,psychic,,1
Mienfoo,85,50,45,00619,65,fighting,,5
Mienshao,125,60,65,00620,105,fighting,,5
Mightyena,90,70,70,00262,70,dark,,3
Milotic,60,79,95,00350,81,water,,3
Miltank,80,105,95,00241,100,normal,,2
Mime Jr.,25,45,20,00439,60,psychic,fairy,4
Mimikyu,90,80,55,00778,96,ghost,fairy,7
Minccino,50,40,55,00572,75,normal,,5
Minior,100,60,60,00774,120,rock,flying,7
Minun,40,50,60,00312,95,electric,,3
Misdreavus,60,60,60,00200,85,ghost,,2
Mismagius,60,60,60,00429,105,ghost,,4
Moltres,100,90,90,00146,90,fire,flying,1
Monferno,78,52,64,00391,81,fire,fighting,4
Morelull,35,55,40,00755,15,grass,fairy,7
Mothim,94,50,70,00414,66,bug,flying,4
Mr. Mime,45,65,40,00122,90,psychic,fairy,1
Mudbray,100,70,70,00749,45,ground,,7
Mudkip,70,50,50,00258,40,water,,3
Mudsdale,125,100,100,00750,35,ground,,7
Muk,105,75,105,00089,50,poison,poison,1
Munchlax,85,40,135,00446,5,normal,,4
Munna,25,45,76,00517,24,psychic,,5
Murkrow,85,42,60,00198,91,dark,flying,2
Musharna,55,85,116,00518,29,psychic,,5
Natu,50,45,40,00177,70,psychic,flying,2
Necrozma,107,101,97,00800,79,psychic,,7
Nidoking,102,77,81,00034,85,poison,ground,1
Nidoqueen,92,87,90,00031,76,poison,ground,1
Nidoran?,47,52,55,00029,41,poison,,1
Nidoran?,57,40,46,00032,50,poison,,1
Nidorina,62,67,70,00030,56,poison,,1
Nidorino,72,57,61,00033,65,poison,,1
Nihilego,53,47,109,00793,103,rock,poison,7
Nincada,45,90,31,00290,40,bug,ground,3
Ninetales,67,75,73,00038,109,fire,ice,1
Ninjask,90,45,61,00291,160,bug,flying,3
Noctowl,50,50,100,00164,70,normal,flying,2
Noibat,30,35,40,00714,55,flying,dragon,6
Noivern,70,80,85,00715,123,flying,dragon,6
Nosepass,45,135,30,00299,30,rock,,3
Numel,60,40,60,00322,35,fire,ground,3
Nuzleaf,70,40,70,00274,60,grass,dark,3
Octillery,105,75,75,00224,45,water,,2
Oddish,50,55,45,00043,30,grass,poison,1
Omanyte,40,100,35,00138,35,rock,water,1
Omastar,60,125,70,00139,55,rock,water,1
Onix,45,160,35,00095,70,rock,ground,1
Oranguru,60,80,90,00765,60,normal,psychic,7
Oricorio,70,70,75,00741,93,fire,flying,7
Oshawott,55,45,55,00501,45,water,,5
Pachirisu,45,70,60,00417,95,electric,,4
Palkia,120,100,90,00484,100,water,dragon,4
Palossand,75,110,85,00770,35,ghost,ground,7
Palpitoad,65,55,75,00536,69,water,ground,5
Pancham,82,62,67,00674,43,fighting,,6
Pangoro,124,78,95,00675,58,fighting,dark,6
Panpour,53,48,50,00515,64,water,,5
Pansage,53,48,50,00511,64,grass,,5
Pansear,53,48,50,00513,64,fire,,5
Paras,70,55,35,00046,25,bug,grass,1
Parasect,95,80,60,00047,30,bug,grass,1
Passimian,120,90,100,00766,80,fighting,,7
Patrat,55,39,45,00504,42,normal,,5
Pawniard,85,70,45,00624,60,dark,steel,5
Pelipper,50,100,60,00279,65,water,flying,3
Persian,60,60,65,00053,115,normal,dark,1
Petilil,35,50,45,00548,30,grass,,5
Phanpy,60,60,90,00231,40,ground,,2
Phantump,70,48,43,00708,38,ghost,grass,6
Pheromosa,137,37,71,00795,151,bug,fighting,7
Phione,80,80,80,00489,80,water,,4
Pichu,40,15,20,00172,60,electric,,2
Pidgeot,80,80,83,00018,121,normal,flying,1
Pidgeotto,60,55,63,00017,71,normal,flying,1
Pidgey,45,40,40,00016,56,normal,flying,1
Pidove,55,50,50,00519,43,normal,flying,5
Pignite,93,55,90,00499,55,fire,fighting,5
Pikachu,55,40,35,00025,90,electric,,1
Pikipek,75,30,35,00731,65,normal,flying,7
Piloswine,100,80,100,00221,50,ice,ground,2
Pineco,65,90,50,00204,15,bug,,2
Pinsir,155,120,65,00127,105,bug,,1
Piplup,51,53,53,00393,40,water,,4
Plusle,50,40,60,00311,95,electric,,3
Politoed,75,75,90,00186,70,water,,2
Poliwag,50,40,40,00060,90,water,,1
Poliwhirl,65,65,65,00061,90,water,,1
Poliwrath,95,95,90,00062,70,water,fighting,1
Ponyta,85,55,50,00077,90,fire,,1
Poochyena,55,35,35,00261,35,dark,,3
Popplio,54,54,50,00728,40,water,,7
Porygon,60,70,65,00137,40,normal,,1
Porygon-Z,80,70,85,00474,90,normal,,4
Porygon2,80,90,85,00233,60,normal,,2
Primarina,74,74,80,00730,60,water,fairy,7
Primeape,105,60,65,00057,95,fighting,,1
Prinplup,66,68,64,00394,50,water,,4
Probopass,55,145,60,00476,40,rock,steel,4
Psyduck,52,48,50,00054,55,water,,1
Pumpkaboo,66,70,59,00710,41,ghost,grass,6
Pupitar,84,70,70,00247,51,rock,ground,2
Purrloin,50,37,41,00509,66,dark,,5
Purugly,82,64,71,00432,112,normal,,4
Pyroar,68,72,86,00668,106,fire,normal,6
Pyukumuku,60,130,55,00771,5,water,,7
Quagsire,85,85,95,00195,35,water,ground,2
Quilava,64,58,58,00156,80,fire,,2
Quilladin,78,95,61,00651,57,grass,,6
Qwilfish,95,85,65,00211,85,water,poison,2
Raichu,85,50,60,00026,110,electric,electric,1
Raikou,85,75,90,00243,115,electric,,2
Ralts,25,25,28,00280,40,psychic,fairy,3
Rampardos,165,60,97,00409,58,rock,,4
Rapidash,100,70,65,00078,105,fire,,1
Raticate,71,70,75,00020,77,normal,dark,1
Rattata,56,35,30,00019,72,normal,dark,1
Rayquaza,180,100,105,00384,115,dragon,flying,3
Regice,50,100,80,00378,50,ice,,3
Regigigas,160,110,110,00486,100,normal,,4
Regirock,100,200,80,00377,50,rock,,3
Registeel,75,150,80,00379,50,steel,,3
Relicanth,90,130,100,00369,55,water,rock,3
Remoraid,65,35,35,00223,65,water,,2
Reshiram,120,100,100,00643,90,dragon,fire,5
Reuniclus,65,75,110,00579,30,psychic,,5
Rhydon,130,120,105,00112,40,ground,rock,1
Rhyhorn,85,95,80,00111,25,ground,rock,1
Rhyperior,140,130,115,00464,40,ground,rock,4
Ribombee,55,60,60,00743,124,bug,fairy,7
Riolu,70,40,40,00447,60,fighting,,4
Rockruff,65,40,45,00744,60,rock,,7
Roggenrola,75,85,55,00524,15,rock,,5
Roselia,60,45,50,00315,65,grass,poison,3
Roserade,70,65,60,00407,90,grass,poison,4
Rotom,65,107,50,00479,86,electric,ghost,4
Rowlet,55,55,68,00722,42,grass,flying,7
Rufflet,83,50,70,00627,60,normal,flying,5
Sableye,85,125,50,00302,20,dark,ghost,3
Salamence,145,130,95,00373,120,dragon,flying,3
Salandit,44,40,48,00757,77,poison,fire,7
Salazzle,64,60,68,00758,117,poison,fire,7
Samurott,100,85,95,00503,70,water,,5
Sandile,72,35,50,00551,65,ground,dark,5
Sandshrew,75,90,50,00027,40,ground,ice,1
Sandslash,100,120,75,00028,65,ground,ice,1
Sandygast,55,80,55,00769,15,ghost,ground,7
Sawk,125,75,75,00539,85,fighting,,5
Sawsbuck,100,70,80,00586,95,normal,grass,5
Scatterbug,35,40,38,00664,35,bug,,6
Sceptile,110,75,70,00254,145,grass,,3
Scizor,150,140,70,00212,75,bug,steel,2
Scolipede,100,89,60,00545,112,bug,poison,5
Scrafty,90,115,65,00560,58,dark,fighting,5
Scraggy,75,70,50,00559,48,dark,fighting,5
Scyther,110,80,70,00123,105,bug,flying,1
Seadra,65,95,55,00117,85,water,,1
Seaking,92,65,80,00119,68,water,,1
Sealeo,60,70,90,00364,45,ice,water,3
Seedot,40,50,40,00273,30,grass,,3
Seel,45,55,65,00086,45,water,,1
Seismitoad,95,75,105,00537,74,water,ground,5
Sentret,46,34,35,00161,20,normal,,2
Serperior,75,95,75,00497,113,grass,,5
Servine,60,75,60,00496,83,grass,,5
Seviper,100,60,73,00336,65,poison,,3
Sewaddle,53,70,45,00540,42,bug,grass,5
Sharpedo,140,70,70,00319,105,water,dark,3
Shaymin,103,75,100,00492,127,grass,grass,4
Shedinja,90,45,1,00292,40,bug,ghost,3
Shelgon,95,100,65,00372,50,dragon,,3
Shellder,65,100,30,00090,40,water,,1
Shellos,48,48,76,00422,34,water,,4
Shelmet,40,85,50,00616,25,bug,,5
Shieldon,42,118,30,00410,30,rock,steel,4
Shiftry,100,60,90,00275,80,grass,dark,3
Shiinotic,45,80,60,00756,30,grass,fairy,7
Shinx,65,34,45,00403,45,electric,,4
Shroomish,40,60,60,00285,35,grass,,3
Shuckle,10,230,20,00213,5,bug,rock,2
Shuppet,75,35,44,00353,45,ghost,,3
Sigilyph,58,80,72,00561,97,psychic,flying,5
Silcoon,35,55,50,00266,15,bug,,3
Silvally,95,95,95,00773,95,normal,,7
Simipour,98,63,75,00516,101,water,,5
Simisage,98,63,75,00512,101,grass,,5
Simisear,98,63,75,00514,101,fire,,5
Skarmory,80,140,65,00227,70,steel,flying,2
Skiddo,65,48,66,00672,52,grass,,6
Skiploom,45,50,55,00188,80,grass,flying,2
Skitty,45,45,50,00300,50,normal,,3
Skorupi,50,90,40,00451,65,poison,bug,4
Skrelp,60,60,50,00690,30,poison,water,6
Skuntank,93,67,103,00435,84,poison,dark,4
Slaking,160,100,150,00289,100,normal,,3
Slakoth,60,60,60,00287,30,normal,,3
Sliggoo,75,53,68,00705,60,dragon,,6
Slowbro,75,180,95,00080,30,water,psychic,1
Slowking,75,80,95,00199,30,water,psychic,2
Slowpoke,65,65,90,00079,15,water,psychic,1
Slugma,40,40,40,00218,20,fire,,2
Slurpuff,80,86,82,00685,72,fairy,,6
Smeargle,20,35,55,00235,75,normal,,2
Smoochum,30,15,45,00238,65,ice,psychic,2
Sneasel,95,55,55,00215,115,dark,ice,2
Snivy,45,55,45,00495,63,grass,,5
Snorlax,110,65,160,00143,30,normal,,1
Snorunt,50,50,50,00361,50,ice,,3
Snover,62,50,60,00459,40,grass,ice,4
Snubbull,80,50,60,00209,30,fairy,,2
Solgaleo,137,107,137,00791,97,psychic,steel,7
Solosis,30,40,45,00577,20,psychic,,5
Solrock,95,85,90,00338,70,rock,psychic,3
Spearow,60,30,40,00021,70,normal,flying,1
Spewpa,22,60,45,00665,29,bug,,6
Spheal,40,50,70,00363,25,ice,water,3
Spinarak,60,40,40,00167,30,bug,poison,2
Spinda,60,60,60,00327,60,normal,,3
Spiritomb,92,108,50,00442,35,ghost,dark,4
Spoink,25,35,60,00325,60,psychic,,3
Spritzee,52,60,78,00682,23,fairy,,6
Squirtle,48,65,44,00007,43,water,,1
Stantler,95,62,73,00234,85,normal,,2
Staraptor,120,70,85,00398,100,normal,flying,4
Staravia,75,50,55,00397,80,normal,flying,4
Starly,55,30,40,00396,60,normal,flying,4
Starmie,75,85,60,00121,115,water,psychic,1
Staryu,45,55,30,00120,85,water,,1
Steelix,125,230,75,00208,30,steel,ground,2
Steenee,40,48,52,00762,62,grass,,7
Stoutland,110,90,85,00508,80,normal,,5
Stufful,75,50,70,00759,50,normal,fighting,7
Stunfisk,66,84,109,00618,32,ground,electric,5
Stunky,63,47,63,00434,74,poison,dark,4
Sudowoodo,100,115,70,00185,30,rock,,2
Suicune,75,115,100,00245,85,water,,2
Sunflora,75,55,75,00192,30,grass,,2
Sunkern,30,30,30,00191,30,grass,,2
Surskit,30,32,40,00283,65,bug,water,3
Swablu,40,60,45,00333,50,normal,flying,3
Swadloon,63,90,55,00541,42,bug,grass,5
Swalot,73,83,100,00317,55,poison,,3
Swampert,150,110,100,00260,70,water,ground,3
Swanna,87,63,75,00581,98,water,flying,5
Swellow,85,60,60,00277,125,normal,flying,3
Swinub,50,40,50,00220,50,ice,ground,2
Swirlix,48,66,62,00684,49,fairy,,6
Swoobat,57,55,67,00528,114,psychic,flying,5
Sylveon,65,65,95,00700,60,fairy,,6
Taillow,55,30,40,00276,85,normal,flying,3
Talonflame,81,71,78,00663,126,fire,flying,6
Tangela,55,115,65,00114,60,grass,,1
Tangrowth,100,125,100,00465,50,grass,,4
Tapu Bulu,130,115,70,00787,75,grass,fairy,7
Tapu Fini,75,115,70,00788,85,water,fairy,7
Tapu Koko,115,85,70,00785,130,electric,fairy,7
Tapu Lele,85,75,70,00786,95,psychic,fairy,7
Tauros,100,95,75,00128,110,normal,,1
Teddiursa,80,50,60,00216,40,normal,,2
Tentacool,40,35,40,00072,70,water,poison,1
Tentacruel,70,65,80,00073,100,water,poison,1
Tepig,63,45,65,00498,45,fire,,5
Terrakion,129,90,91,00639,108,rock,fighting,5
Throh,100,85,120,00538,45,fighting,,5
Thundurus,105,70,79,00642,101,electric,flying,5
Timburr,80,55,75,00532,35,fighting,,5
Tirtouga,78,103,54,00564,22,water,rock,5
Togedemaru,98,63,65,00777,96,electric,steel,7
Togekiss,50,95,85,00468,80,fairy,flying,4
Togepi,20,65,35,00175,20,fairy,,2
Togetic,40,85,55,00176,40,fairy,flying,2
Torchic,60,40,45,00255,45,fire,,3
Torkoal,85,140,70,00324,20,fire,,3
Tornadus,100,80,79,00641,121,flying,,5
Torracat,85,50,65,00726,90,fire,,7
Torterra,109,105,95,00389,56,grass,ground,4
Totodile,65,64,50,00158,43,water,,2
Toucannon,120,75,80,00733,60,normal,flying,7
Toxapex,63,152,50,00748,35,poison,water,7
Toxicroak,106,65,83,00454,85,poison,fighting,4
Tranquill,77,62,62,00520,65,normal,flying,5
Trapinch,100,45,45,00328,10,ground,,3
Treecko,45,35,40,00252,70,grass,,3
Trevenant,110,76,85,00709,56,ghost,grass,6
Tropius,68,83,99,00357,51,grass,flying,3
Trubbish,50,62,50,00568,65,poison,,5
Trumbeak,85,50,55,00732,75,normal,flying,7
Tsareena,120,98,72,00763,72,grass,,7
Turtonator,78,135,60,00776,36,fire,dragon,7
Turtwig,68,64,55,00387,31,grass,,4
Tympole,50,40,50,00535,64,water,,5
Tynamo,55,40,35,00602,60,electric,,5
Type: Null,95,95,95,00772,59,normal,,7
Typhlosion,84,78,78,00157,100,fire,,2
Tyranitar,164,150,100,00248,71,rock,dark,2
Tyrantrum,121,119,82,00697,71,rock,dragon,6
Tyrogue,35,35,35,00236,35,fighting,,2
Tyrunt,89,77,58,00696,48,rock,dragon,6
Umbreon,65,110,95,00197,65,dark,,2
Unfezant,115,80,80,00521,93,normal,flying,5
Unown,72,48,48,00201,48,psychic,,2
Ursaring,130,75,90,00217,55,normal,,2
Uxie,75,130,75,00480,95,psychic,,4
Vanillish,65,65,51,00583,59,ice,,5
Vanillite,50,50,36,00582,44,ice,,5
Vanilluxe,95,85,71,00584,79,ice,,5
Vaporeon,65,60,130,00134,65,water,,1
Venipede,45,59,30,00543,57,bug,poison,5
Venomoth,65,60,70,00049,90,bug,poison,1
Venonat,55,50,60,00048,45,bug,poison,1
Venusaur,100,123,80,00003,80,grass,poison,1
Vespiquen,80,102,70,00416,40,bug,flying,4
Vibrava,70,50,50,00329,70,ground,dragon,3
Victini,100,100,100,00494,100,psychic,fire,5
Victreebel,105,65,80,00071,70,grass,poison,1
Vigoroth,80,80,80,00288,90,normal,,3
Vikavolt,70,90,77,00738,43,bug,electric,7
Vileplume,80,85,75,00045,50,grass,poison,1
Virizion,90,72,91,00640,108,grass,fighting,5
Vivillon,52,50,80,00666,89,bug,flying,6
Volbeat,73,75,65,00313,85,bug,,3
Volcanion,110,120,80,00721,70,fire,water,6
Volcarona,60,65,85,00637,100,bug,fire,5
Voltorb,30,50,40,00100,100,electric,,1
Vullaby,55,75,70,00629,60,dark,flying,5
Vulpix,41,40,38,00037,65,fire,ice,1
Wailmer,70,35,130,00320,60,water,,3
Wailord,90,45,170,00321,60,water,,3
Walrein,80,90,110,00365,65,ice,water,3
Wartortle,63,80,59,00008,58,water,,1
Watchog,85,69,60,00505,77,normal,,5
Weavile,120,65,70,00461,125,dark,ice,4
Weedle,35,30,40,00013,50,bug,poison,1
Weepinbell,90,50,65,00070,55,grass,poison,1
Weezing,90,120,65,00110,60,poison,,1
Whimsicott,67,85,60,00547,116,grass,fairy,5
Whirlipede,55,99,40,00544,47,bug,poison,5
Whiscash,78,73,110,00340,60,water,ground,3
Whismur,51,23,64,00293,28,normal,,3
Wigglytuff,70,45,140,00040,45,normal,fairy,1
Wimpod,35,40,25,00767,80,bug,water,7
Wingull,30,30,40,00278,85,water,flying,3
Wishiwashi,140,130,45,00746,30,water,,7
Wobbuffet,33,58,190,00202,33,psychic,,2
Woobat,45,43,65,00527,72,psychic,flying,5
Wooper,45,45,55,00194,15,water,ground,2
Wormadam,69,95,60,00413,36,bug,grass,4
Wurmple,45,35,45,00265,20,bug,,3
Wynaut,23,48,95,00360,23,psychic,,3
Xatu,75,70,65,00178,95,psychic,flying,2
Xerneas,131,95,126,00716,99,fairy,,6
Xurkitree,89,71,83,00796,83,electric,,7
Yamask,30,85,38,00562,30,ghost,,5
Yanma,65,45,65,00193,95,bug,flying,2
Yanmega,76,86,86,00469,95,bug,flying,4
Yungoos,70,30,48,00734,45,normal,,7
Yveltal,131,95,126,00717,99,dark,flying,6
Zangoose,115,60,73,00335,90,normal,,3
Zapdos,90,85,90,00145,100,electric,flying,1
Zebstrika,100,63,75,00523,116,electric,,5
Zekrom,150,120,100,00644,90,dragon,electric,5
Zigzagoon,30,41,38,00263,60,normal,,3
Zoroark,105,60,60,00571,105,dark,,5
Zorua,65,40,40,00570,65,dark,,5
Zubat,45,35,40,00041,55,poison,flying,1
Zweilous,85,70,72,00634,58,dark,dragon,5
Zygarde,100,121,216,00718,85,dragon,ground,6